0117_2C1_2C_ACGTC	decreasing	0.0218754715
0117_2C1_2C_ACGTC	increasing	0.03268828413
0117_2C1_2C_ACGTC	stable	0.02033668074
0117_2C1_2C_AGATG	decreasing	0.02042169068
0117_2C1_2C_AGATG	increasing	0.03160209864
0117_2C1_2C_AGATG	stable	0.01909973906
0117_2C1_2C_ATGAG	decreasing	0.02418428406
0117_2C1_2C_ATGAG	increasing	0.02662396986
0117_2C1_2C_ATGAG	stable	0.02259796502
0117_2C1_2C_CACTG	decreasing	0.01987437386
0117_2C1_2C_CACTG	increasing	0.02982156921
0117_2C1_2C_CACTG	stable	0.01655024052
0117_2C1_2C_GAAGC	decreasing	0.02119656148
0117_2C1_2C_GAAGC	increasing	0.03117357498
0117_2C1_2C_GAAGC	stable	0.02030187493
0117_2C1_2C_GCCCT	decreasing	0.02034494651
0117_2C1_2C_GCCCT	increasing	0.03240424377
0117_2C1_2C_GCCCT	stable	0.01998035706
0117_2C2_2C_ACGTC	decreasing	0.02044204267
0117_2C2_2C_ACGTC	increasing	0.0297423364
0117_2C2_2C_ACGTC	stable	0.01771858407
0117_2C2_2C_AGATG	decreasing	0.01767213055
0117_2C2_2C_AGATG	increasing	0.02365743505
0117_2C2_2C_AGATG	stable	0.01496433636
0117_2C2_2C_ATCCA	decreasing	0.01387681033
0117_2C2_2C_ATCCA	increasing	0.02063486864
0117_2C2_2C_ATCCA	stable	0.01453514025
0117_2C2_2C_ATGAG	decreasing	0.01366510241
0117_2C2_2C_ATGAG	increasing	0.01259575692
0117_2C2_2C_ATGAG	stable	0.01311121033
0117_2C2_2C_CACTG	decreasing	0.01625115402
0117_2C2_2C_CACTG	increasing	0.0241271711
0117_2C2_2C_CACTG	stable	0.01380411923
0117_2C2_2C_CGTTT	decreasing	0.01876387068
0117_2C2_2C_CGTTT	increasing	0.02465234522
0117_2C2_2C_CGTTT	stable	0.01781714516
0117_2C2_2C_GAAGC	decreasing	0.02206062059
0117_2C2_2C_GAAGC	increasing	0.03168617215
0117_2C2_2C_GAAGC	stable	0.01869529438
0117_2C2_2C_GCCCT	decreasing	0.01673027067
0117_2C2_2C_GCCCT	increasing	0.03237450311
0117_2C2_2C_GCCCT	stable	0.01927062408
0117_2C3_2C_ACGTC	decreasing	0.0185485159
0117_2C3_2C_ACGTC	increasing	0.01904143706
0117_2C3_2C_ACGTC	stable	0.01805409975
0117_2C3_2C_AGATG	decreasing	0.01950587283
0117_2C3_2C_AGATG	increasing	0.03144753281
0117_2C3_2C_AGATG	stable	0.02064671483
0117_2C3_2C_ATGAG	decreasing	0.02034359533
0117_2C3_2C_ATGAG	increasing	0.02757858089
0117_2C3_2C_ATGAG	stable	0.01874022199
0117_2C3_2C_CACTG	decreasing	0.01415546956
0117_2C3_2C_CACTG	increasing	0.02384564364
0117_2C3_2C_CACTG	stable	0.01441317459
0117_2C3_2C_CGTTT	decreasing	0.01365595097
0117_2C3_2C_CGTTT	increasing	0.01448807837
0117_2C3_2C_CGTTT	stable	0.01474278957
0117_2C3_2C_GAAGC	decreasing	0.01582159019
0117_2C3_2C_GAAGC	increasing	0.01677582308
0117_2C3_2C_GAAGC	stable	0.01667898539
0117_2C3_2C_GCCCT	decreasing	0.01993970873
0117_2C3_2C_GCCCT	increasing	0.03044824175
0117_2C3_2C_GCCCT	stable	0.01702963686
0117_2C5_2C_ACGTC	decreasing	0.02082933535
0117_2C5_2C_ACGTC	increasing	0.02741205377
0117_2C5_2C_ACGTC	stable	0.01754605045
0117_2C5_2C_AGATG	decreasing	0.02174233128
0117_2C5_2C_AGATG	increasing	0.03353786182
0117_2C5_2C_AGATG	stable	0.01890389826
0117_2C5_2C_ATGAG	decreasing	0.02212285807
0117_2C5_2C_ATGAG	increasing	0.03133892826
0117_2C5_2C_ATGAG	stable	0.01945031155
0117_2C5_2C_CACTG	decreasing	0.02140053367
0117_2C5_2C_CACTG	increasing	0.02914777281
0117_2C5_2C_CACTG	stable	0.01537104102
0117_2C5_2C_CGTTT	decreasing	0.02300454404
0117_2C5_2C_CGTTT	increasing	0.03024472271
0117_2C5_2C_CGTTT	stable	0.01929401248
1002_2C1_2C_ACGTC	decreasing	0.01160379676
1002_2C1_2C_ACGTC	increasing	0.01101730541
1002_2C1_2C_ACGTC	stable	0.01140802945
1002_2C1_2C_AGATG	decreasing	0.003640886593
1002_2C1_2C_AGATG	increasing	0.007444880073
1002_2C1_2C_AGATG	stable	0.004713029752
1002_2C1_2C_ATCCA	decreasing	0.009026735763
1002_2C1_2C_ATCCA	increasing	0.005737273793
1002_2C1_2C_ATCCA	stable	0.008642343696
1002_2C1_2C_ATGAG	decreasing	0.01097663915
1002_2C1_2C_ATGAG	increasing	0.01241065195
1002_2C1_2C_ATGAG	stable	0.01069200049
1002_2C1_2C_CACTG	decreasing	0.008278018296
1002_2C1_2C_CACTG	increasing	0.007922059654
1002_2C1_2C_CACTG	stable	0.007681883685
1002_2C1_2C_CGTTT	decreasing	0.002716707401
1002_2C1_2C_CGTTT	increasing	0.003156748911
1002_2C1_2C_CGTTT	stable	0.003315271927
1002_2C1_2C_GAAGC	decreasing	0.006868171271
1002_2C1_2C_GAAGC	increasing	0.006230359681
1002_2C1_2C_GAAGC	stable	0.006171133117
1002_2C1_2C_GCCCT	decreasing	0.008760454337
1002_2C1_2C_GCCCT	increasing	0.003632421923
1002_2C1_2C_GCCCT	stable	0.006512499281
1002_2C2_2C_ACGTC	decreasing	0.006873107938
1002_2C2_2C_ACGTC	increasing	0.0053387848
1002_2C2_2C_ACGTC	stable	0.007926948387
1002_2C2_2C_AGATG	decreasing	0.008153357402
1002_2C2_2C_AGATG	increasing	0.0091205798
1002_2C2_2C_AGATG	stable	0.008302038085
1002_2C2_2C_ATCCA	decreasing	0.007020341779
1002_2C2_2C_ATCCA	increasing	0.008063244072
1002_2C2_2C_ATCCA	stable	0.008118298068
1002_2C2_2C_ATGAG	decreasing	0.008461788808
1002_2C2_2C_ATGAG	increasing	0.008534551276
1002_2C2_2C_ATGAG	stable	0.007561203506
1002_2C2_2C_CACTG	decreasing	0.004488775123
1002_2C2_2C_CACTG	increasing	0.005261592508
1002_2C2_2C_CACTG	stable	0.005331612322
1002_2C2_2C_CGTTT	decreasing	0.004804256229
1002_2C2_2C_CGTTT	increasing	0.004169865625
1002_2C2_2C_CGTTT	stable	0.004162931059
1002_2C2_2C_GAAGC	decreasing	0.006024816469
1002_2C2_2C_GAAGC	increasing	0.00467144061
1002_2C2_2C_GAAGC	stable	0.006014664403
1002_2C2_2C_GCCCT	decreasing	0.005083481007
1002_2C2_2C_GCCCT	increasing	0.001538469973
1002_2C2_2C_GCCCT	stable	0.006050460216
1002_2C3_2C_ACGTC	decreasing	0.006139270837
1002_2C3_2C_ACGTC	increasing	0.005139458487
1002_2C3_2C_ACGTC	stable	0.006215466743
1002_2C3_2C_AGATG	decreasing	0.007977746708
1002_2C3_2C_AGATG	increasing	0.008797889943
1002_2C3_2C_AGATG	stable	0.008520658623
1002_2C3_2C_ATCCA	decreasing	0.005427911539
1002_2C3_2C_ATCCA	increasing	0.002193618443
1002_2C3_2C_ATCCA	stable	0.006924860557
1002_2C3_2C_ATGAG	decreasing	0.005865228466
1002_2C3_2C_ATGAG	increasing	0.005887349609
1002_2C3_2C_ATGAG	stable	0.006175355431
1002_2C3_2C_CACTG	decreasing	0.005985903246
1002_2C3_2C_CACTG	increasing	0.008039962547
1002_2C3_2C_CACTG	stable	0.00623311501
1002_2C3_2C_CGTTT	decreasing	0.003680883232
1002_2C3_2C_CGTTT	increasing	0.002045635263
1002_2C3_2C_CGTTT	stable	0.004352783296
1002_2C3_2C_GAAGC	decreasing	0.005478392593
1002_2C3_2C_GAAGC	increasing	0.003737113402
1002_2C3_2C_GAAGC	stable	0.0049215683
1002_2C3_2C_GCCCT	decreasing	0.00442007059
1002_2C3_2C_GCCCT	increasing	0.002658507022
1002_2C3_2C_GCCCT	stable	0.003109150654
1002_LZ1_PN_ACGTC	decreasing	0.006088679105
1002_LZ1_PN_ACGTC	increasing	0.005678492109
1002_LZ1_PN_ACGTC	stable	0.006482784464
1002_LZ1_PN_AGATG	decreasing	0.004294880085
1002_LZ1_PN_AGATG	increasing	0.005068115413
1002_LZ1_PN_AGATG	stable	0.004735669849
1002_LZ1_PN_ATCCA	decreasing	0.005945035439
1002_LZ1_PN_ATCCA	increasing	0.006208214836
1002_LZ1_PN_ATCCA	stable	0.006289964537
1002_LZ1_PN_ATGAG	decreasing	0.007130068407
1002_LZ1_PN_ATGAG	increasing	0.007843761428
1002_LZ1_PN_ATGAG	stable	0.007294411406
1002_LZ1_PN_CACTG	decreasing	0.00400497293
1002_LZ1_PN_CACTG	increasing	0.004105335842
1002_LZ1_PN_CACTG	stable	0.003772972779
1002_LZ1_PN_CGTTT	decreasing	0.003278744698
1002_LZ1_PN_CGTTT	increasing	0.002740374223
1002_LZ1_PN_CGTTT	stable	0.004104286227
1002_LZ1_PN_GAAGC	decreasing	0.006823272956
1002_LZ1_PN_GAAGC	increasing	0.006583290396
1002_LZ1_PN_GAAGC	stable	0.007326949462
1002_LZ1_PN_GCCCT	decreasing	0.00446952551
1002_LZ1_PN_GCCCT	increasing	0.00488360087
1002_LZ1_PN_GCCCT	stable	0.004913842044
1025_2C1_2C_CACTG	decreasing	0.008007022109
1025_2C1_2C_CACTG	increasing	0.008039730709
1025_2C1_2C_CACTG	stable	0.008175341128
1025_2C1_2C_CGTTT	decreasing	0.01208565989
1025_2C1_2C_CGTTT	increasing	0.0126277475
1025_2C1_2C_CGTTT	stable	0.01242601159
1025_2C1_2C_GAAGC	decreasing	0.006843320014
1025_2C1_2C_GAAGC	increasing	0.006519989605
1025_2C1_2C_GAAGC	stable	0.006742399984
1025_2C4_2C_GAAGC	decreasing	0.01039471626
1025_2C4_2C_GAAGC	increasing	0.007113946576
1025_2C4_2C_GAAGC	stable	0.01017019384
1025_2C5_2C_ACGTC	decreasing	0.00298913485
1025_2C5_2C_ACGTC	increasing	0.003067920138
1025_2C5_2C_ACGTC	stable	0.003393265177
1025_2C5_2C_ATCCA	decreasing	0.005634434372
1025_2C5_2C_ATCCA	increasing	0.005850798559
1025_2C5_2C_ATCCA	stable	0.005901803675
1025_2C5_2C_ATGAG	decreasing	0.01228173654
1025_2C5_2C_ATGAG	increasing	0.01471482015
1025_2C5_2C_ATGAG	stable	0.01348438206
1025_2C5_2C_CACTG	decreasing	0.006929499829
1025_2C5_2C_CACTG	increasing	0.00863406308
1025_2C5_2C_CACTG	stable	0.008003461011
1025_2C5_2C_CGTTT	decreasing	0.004124891138
1025_2C5_2C_CGTTT	increasing	0.003590676412
1025_2C5_2C_CGTTT	stable	0.004360689454
1025_2C5_2C_GAAGC	decreasing	0.0109780059
1025_2C5_2C_GAAGC	increasing	0.01088137215
1025_2C5_2C_GAAGC	stable	0.009818340631
1025_2C5_2C_GCCCT	decreasing	0.007171975726
1025_2C5_2C_GCCCT	increasing	0.00665983996
1025_2C5_2C_GCCCT	stable	0.007223581216
1025_LZ2_PN_ACGTC	decreasing	0.009093497676
1025_LZ2_PN_ACGTC	increasing	0.01124648863
1025_LZ2_PN_ACGTC	stable	0.009155918822
1025_LZ2_PN_AGATG	decreasing	0.007503435259
1025_LZ2_PN_AGATG	increasing	0.006970700458
1025_LZ2_PN_AGATG	stable	0.008486344974
1025_LZ2_PN_ATGAG	decreasing	0.007906145117
1025_LZ2_PN_ATGAG	increasing	0.00767085007
1025_LZ2_PN_ATGAG	stable	0.007629690059
1025_LZ2_PN_CACTG	decreasing	0.008606244876
1025_LZ2_PN_CACTG	increasing	0.007183673477
1025_LZ2_PN_CACTG	stable	0.008855071209
1025_LZ2_PN_CGTTT	decreasing	0.008088351594
1025_LZ2_PN_CGTTT	increasing	0.008847127905
1025_LZ2_PN_CGTTT	stable	0.007447198741
1025_LZ3_PN_ACGTC	decreasing	0.007372411047
1025_LZ3_PN_ACGTC	increasing	0.007763179735
1025_LZ3_PN_ACGTC	stable	0.007356395295
1025_LZ3_PN_AGATG	decreasing	0.005377806435
1025_LZ3_PN_AGATG	increasing	0.004780898403
1025_LZ3_PN_AGATG	stable	0.005829127947
1025_LZ3_PN_ATCCA	decreasing	0.007305858011
1025_LZ3_PN_ATCCA	increasing	0.0070231421
1025_LZ3_PN_ATCCA	stable	0.007632829791
1025_LZ3_PN_ATGAG	decreasing	0.006112644515
1025_LZ3_PN_ATGAG	increasing	0.007248189372
1025_LZ3_PN_ATGAG	stable	0.006800815206
1025_LZ3_PN_CACTG	decreasing	0.003958279162
1025_LZ3_PN_CACTG	increasing	0.004089593194
1025_LZ3_PN_CACTG	stable	0.004301643309
1025_LZ3_PN_CGTTT	decreasing	0.004933268134
1025_LZ3_PN_CGTTT	increasing	0.00499410128
1025_LZ3_PN_CGTTT	stable	0.005175301867
1025_LZ3_PN_GAAGC	decreasing	0.004156394276
1025_LZ3_PN_GAAGC	increasing	0.003143220913
1025_LZ3_PN_GAAGC	stable	0.004716193389
1025_LZ3_PN_GCCCT	decreasing	0.008475722685
1025_LZ3_PN_GCCCT	increasing	0.008318736964
1025_LZ3_PN_GCCCT	stable	0.008683833532
1125_2C1_2C_AATCT	decreasing	0.02243239554
1125_2C1_2C_AATCT	increasing	0.02299387712
1125_2C1_2C_AATCT	stable	0.0213176552
1125_2C1_2C_ACATA	decreasing	0.01872619397
1125_2C1_2C_ACATA	increasing	0.02087608781
1125_2C1_2C_ACATA	stable	0.01713438588
1125_2C1_2C_AGACC	decreasing	0.02755641528
1125_2C1_2C_AGACC	increasing	0.03940650902
1125_2C1_2C_AGACC	stable	0.01605154758
1125_2C1_2C_CCCAA	decreasing	0.02962800339
1125_2C1_2C_CCCAA	increasing	0.04428611095
1125_2C1_2C_CCCAA	stable	0.01855124279
1125_2C1_2C_GTGTA	decreasing	0.02729327066
1125_2C1_2C_GTGTA	increasing	0.03964561869
1125_2C1_2C_GTGTA	stable	0.01943670378
1125_2C2_2C_GAATCT	decreasing	0.02362310534
1125_2C2_2C_GAATCT	increasing	0.03821488336
1125_2C2_2C_GAATCT	stable	0.0201504365
1125_2C2_2C_GACATA	decreasing	0.02209443658
1125_2C2_2C_GACATA	increasing	0.0380706851
1125_2C2_2C_GACATA	stable	0.01880178837
1125_2C2_2C_GCCCAA	decreasing	0.01933340817
1125_2C2_2C_GCCCAA	increasing	0.01550600661
1125_2C2_2C_GCCCAA	stable	0.01771984272
1125_2C2_2C_GCTATT	decreasing	0.01945354838
1125_2C2_2C_GCTATT	increasing	0.02278706871
1125_2C2_2C_GCTATT	stable	0.01927513528
1125_2C2_2C_GGAGGT	decreasing	0.0326281211
1125_2C2_2C_GGAGGT	increasing	0.05991301514
1125_2C2_2C_GGAGGT	stable	0.02267648972
1125_2C2_2C_GGGCTT	decreasing	0.02929003559
1125_2C2_2C_GGGCTT	increasing	0.04004700018
1125_2C2_2C_GGGCTT	stable	0.0195034117
1125_2C2_2C_GGTGTA	decreasing	0.03293734958
1125_2C2_2C_GGTGTA	increasing	0.0516976171
1125_2C2_2C_GGTGTA	stable	0.02310462688
1125_2C3_2C_AATCT	decreasing	0.02786752595
1125_2C3_2C_AATCT	increasing	0.04999329494
1125_2C3_2C_AATCT	stable	0.01817167767
1125_2C3_2C_AGACC	decreasing	0.02816223356
1125_2C3_2C_AGACC	increasing	0.04878562865
1125_2C3_2C_AGACC	stable	0.01903599032
1125_2C3_2C_CCCAA	decreasing	0.02379135237
1125_2C3_2C_CCCAA	increasing	0.02562416716
1125_2C3_2C_CCCAA	stable	0.02309128987
1125_2C3_2C_CTATT	decreasing	0.02649773547
1125_2C3_2C_CTATT	increasing	0.05453032427
1125_2C3_2C_CTATT	stable	0.01965059123
1125_2C3_2C_GAGGT	decreasing	0.02784047673
1125_2C3_2C_GAGGT	increasing	0.05086706652
1125_2C3_2C_GAGGT	stable	0.01881488904
1125_2C3_2C_GTGTA	decreasing	0.02848538386
1125_2C3_2C_GTGTA	increasing	0.04680008654
1125_2C3_2C_GTGTA	stable	0.02007335566
1125_2C4_2C_AATCT	decreasing	0.02773149423
1125_2C4_2C_AATCT	increasing	0.04560089215
1125_2C4_2C_AATCT	stable	0.02016094314
1125_2C4_2C_CCCAA	decreasing	0.02105760717
1125_2C4_2C_CCCAA	increasing	0.03888392293
1125_2C4_2C_CCCAA	stable	0.01680656862
1125_2C4_2C_CTATT	decreasing	0.02452251143
1125_2C4_2C_CTATT	increasing	0.04483692423
1125_2C4_2C_CTATT	stable	0.0184052893
1125_2C4_2C_GAGGT	decreasing	0.02395765392
1125_2C4_2C_GAGGT	increasing	0.03896189648
1125_2C4_2C_GAGGT	stable	0.0183817123
1125_2C4_2C_GGCTT	decreasing	0.0259734681
1125_2C4_2C_GGCTT	increasing	0.04385964403
1125_2C4_2C_GGCTT	stable	0.01888413256
1125_2C6_2C_CGATTG	decreasing	0.01938506386
1125_2C6_2C_CGATTG	increasing	0.03178941715
1125_2C6_2C_CGATTG	stable	0.01871876183
1125_2C6_2C_CGCAGA	decreasing	0.01917787376
1125_2C6_2C_CGCAGA	increasing	0.02963558029
1125_2C6_2C_CGCAGA	stable	0.01953413146
1125_2C6_2C_CGTAAA	decreasing	0.02030428799
1125_2C6_2C_CGTAAA	increasing	0.03825541846
1125_2C6_2C_CGTAAA	stable	0.02064602294
1125_2C6_2C_CTACCT	decreasing	0.02077029838
1125_2C6_2C_CTACCT	increasing	0.03646453568
1125_2C6_2C_CTACCT	stable	0.02066625425
1125_2C6_2C_GAATCT	decreasing	0.01577702422
1125_2C6_2C_GAATCT	increasing	0.02007486836
1125_2C6_2C_GAATCT	stable	0.01759425127
1125_2C6_2C_GAGACC	decreasing	0.02148360322
1125_2C6_2C_GAGACC	increasing	0.04454980986
1125_2C6_2C_GAGACC	stable	0.01957456694
1125_2C6_2C_GCTATT	decreasing	0.0226126556
1125_2C6_2C_GCTATT	increasing	0.03469710244
1125_2C6_2C_GCTATT	stable	0.02279610253
1125_2C6_2C_GGAGGT	decreasing	0.02164787071
1125_2C6_2C_GGAGGT	increasing	0.03310924865
1125_2C6_2C_GGAGGT	stable	0.02323529612
1125_2C6_MGI_2C_AATCT	decreasing	0.01704005233
1125_2C6_MGI_2C_AATCT	increasing	0.02184594597
1125_2C6_MGI_2C_AATCT	stable	0.01838994898
1125_2C6_MGI_2C_AGACC	decreasing	0.02246952592
1125_2C6_MGI_2C_AGACC	increasing	0.04350028965
1125_2C6_MGI_2C_AGACC	stable	0.02076797407
1125_2C6_MGI_2C_CTATT	decreasing	0.02375224257
1125_2C6_MGI_2C_CTATT	increasing	0.03454668932
1125_2C6_MGI_2C_CTATT	stable	0.02353191908
1125_2C6_MGI_2C_GAGGT	decreasing	0.02064772328
1125_2C6_MGI_2C_GAGGT	increasing	0.03409810309
1125_2C6_MGI_2C_GAGGT	stable	0.02413269279
1125_2C6_MGI_2C_GATTG	decreasing	0.02028081381
1125_2C6_MGI_2C_GATTG	increasing	0.03317434305
1125_2C6_MGI_2C_GATTG	stable	0.01924848625
1125_2C6_MGI_2C_GCAGA	decreasing	0.01899431383
1125_2C6_MGI_2C_GCAGA	increasing	0.03028741247
1125_2C6_MGI_2C_GCAGA	stable	0.02017168914
1125_2C6_MGI_2C_GTAAA	decreasing	0.02122859959
1125_2C6_MGI_2C_GTAAA	increasing	0.03978045588
1125_2C6_MGI_2C_GTAAA	stable	0.02110667535
1125_2C6_MGI_2C_TACCT	decreasing	0.02056747138
1125_2C6_MGI_2C_TACCT	increasing	0.03639195574
1125_2C6_MGI_2C_TACCT	stable	0.02116725903
1224_PN5-1_PN5_AGCCT	decreasing	0.006353906809
1224_PN5-1_PN5_AGCCT	increasing	0.00904396641
1224_PN5-1_PN5_AGCCT	stable	0.006212752549
1224_PN5-1_PN5_CAAGG	decreasing	0.006254035791
1224_PN5-1_PN5_CAAGG	increasing	0.00970213271
1224_PN5-1_PN5_CAAGG	stable	0.006939867564
1224_PN5-1_PN5_CCTTA	decreasing	0.1121553239
1224_PN5-1_PN5_CCTTA	increasing	0.02497483536
1224_PN5-1_PN5_CCTTA	stable	0.0684029269
1224_PN5-1_PN5_GAGTG	decreasing	0.1011955537
1224_PN5-1_PN5_GAGTG	increasing	0.02168002668
1224_PN5-1_PN5_GAGTG	stable	0.06349348617
1224_PN5-1_PN5_GCGAA	decreasing	0.03590424909
1224_PN5-1_PN5_GCGAA	increasing	0.03244794807
1224_PN5-1_PN5_GCGAA	stable	0.03194399623
1224_PN5-2_PN5_CAAGG	decreasing	0.04239186719
1224_PN5-2_PN5_CAAGG	increasing	0.01078588103
1224_PN5-2_PN5_CAAGG	stable	0.02344605174
1224_PN5-2_PN5_CCTTA	decreasing	0.008316619569
1224_PN5-2_PN5_CCTTA	increasing	0.01076047437
1224_PN5-2_PN5_CCTTA	stable	0.007520441684
1224_PN5-2_PN5_GCGAA	decreasing	0.01406759732
1224_PN5-2_PN5_GCGAA	increasing	0.01504065655
1224_PN5-2_PN5_GCGAA	stable	0.01394678588
1224_PN5-2_PN5_GGTCA	decreasing	0.007587458324
1224_PN5-2_PN5_GGTCA	increasing	0.007158808826
1224_PN5-2_PN5_GGTCA	stable	0.006594028292
1224_PN5-2_PN5_TAACT	decreasing	0.01370896094
1224_PN5-2_PN5_TAACT	increasing	0.01083257504
1224_PN5-2_PN5_TAACT	stable	0.01218070904
1231_2C1_2C_ACGTC	decreasing	0.02524139822
1231_2C1_2C_ACGTC	increasing	0.03900248795
1231_2C1_2C_ACGTC	stable	0.01754856364
1231_2C1_2C_AGATG	decreasing	0.02028732803
1231_2C1_2C_AGATG	increasing	0.02224998149
1231_2C1_2C_AGATG	stable	0.01868076173
1231_2C1_2C_ATCCA	decreasing	0.01912713306
1231_2C1_2C_ATCCA	increasing	0.0208172753
1231_2C1_2C_ATCCA	stable	0.01724341696
1231_2C1_2C_ATGAG	decreasing	0.02289858161
1231_2C1_2C_ATGAG	increasing	0.03306748347
1231_2C1_2C_ATGAG	stable	0.01772473934
1231_2C1_2C_CACTG	decreasing	0.02643008192
1231_2C1_2C_CACTG	increasing	0.04164655779
1231_2C1_2C_CACTG	stable	0.01867221564
1231_2C1_2C_CGTTT	decreasing	0.0282073664
1231_2C1_2C_CGTTT	increasing	0.04468134685
1231_2C1_2C_CGTTT	stable	0.02050741291
1231_2C1_2C_GAAGC	decreasing	0.02338187833
1231_2C1_2C_GAAGC	increasing	0.03713845126
1231_2C1_2C_GAAGC	stable	0.01610771791
1231_2C1_2C_GCCCT	decreasing	0.01828712308
1231_2C1_2C_GCCCT	increasing	0.02010704168
1231_2C1_2C_GCCCT	stable	0.01861424199
1231_2C2_2C_ACGTC	decreasing	0.02220777022
1231_2C2_2C_ACGTC	increasing	0.03202171397
1231_2C2_2C_ACGTC	stable	0.01911876164
1231_2C2_2C_AGATG	decreasing	0.02223154805
1231_2C2_2C_AGATG	increasing	0.03042278736
1231_2C2_2C_AGATG	stable	0.01799107137
1231_2C2_2C_ATCCA	decreasing	0.01559168266
1231_2C2_2C_ATCCA	increasing	0.02347429419
1231_2C2_2C_ATCCA	stable	0.01658845419
1231_2C2_2C_CGTTT	decreasing	0.02046220316
1231_2C2_2C_CGTTT	increasing	0.03031386709
1231_2C2_2C_CGTTT	stable	0.01914857228
1231_2C2_2C_GCCCT	decreasing	0.01923076731
1231_2C2_2C_GCCCT	increasing	0.03227528365
1231_2C2_2C_GCCCT	stable	0.02057822963
1231_2C3_2C_AACGTC	decreasing	0.01145030195
1231_2C3_2C_AACGTC	increasing	0.01250936618
1231_2C3_2C_AACGTC	stable	0.01298849279
1231_2C3_2C_AATGAG	decreasing	0.01196868729
1231_2C3_2C_AATGAG	increasing	0.01714122893
1231_2C3_2C_AATGAG	stable	0.0130425837
1231_2C3_2C_ACGTTT	decreasing	0.02018667953
1231_2C3_2C_ACGTTT	increasing	0.008027521407
1231_2C3_2C_ACGTTT	stable	0.01727022104
1231_2C3_2C_AGAAGC	decreasing	0.02651836543
1231_2C3_2C_AGAAGC	increasing	0.04939022413
1231_2C3_2C_AGAAGC	stable	0.01765884911
1231_2C3_2C_AGCCCT	decreasing	0.02900752261
1231_2C3_2C_AGCCCT	increasing	0.05684392024
1231_2C3_2C_AGCCCT	stable	0.01688969879
1231_2C4_2C_ACGTC	decreasing	0.01806377748
1231_2C4_2C_ACGTC	increasing	0.02209532527
1231_2C4_2C_ACGTC	stable	0.01777528748
1231_2C4_2C_AGATG	decreasing	0.02698771003
1231_2C4_2C_AGATG	increasing	0.05048777576
1231_2C4_2C_AGATG	stable	0.01791463407
1231_2C4_2C_ATCCA	decreasing	0.02678216063
1231_2C4_2C_ATCCA	increasing	0.05239720467
1231_2C4_2C_ATCCA	stable	0.01894548583
1231_2C4_2C_CACTG	decreasing	0.01908316182
1231_2C4_2C_CACTG	increasing	0.01348291796
1231_2C4_2C_CACTG	stable	0.02166585742
1231_2C4_2C_CGTTT	decreasing	0.02058071144
1231_2C4_2C_CGTTT	increasing	0.0217595328
1231_2C4_2C_CGTTT	stable	0.02235994418
1231_2C4_2C_GAAGC	decreasing	0.01752952223
1231_2C4_2C_GAAGC	increasing	0.02239591435
1231_2C4_2C_GAAGC	stable	0.02191093007
1231_2C4_2C_GCCCT	decreasing	0.02561898057
1231_2C4_2C_GCCCT	increasing	0.03941276296
1231_2C4_2C_GCCCT	stable	0.01870352605
1231_2C6_2C_ACGTC	decreasing	0.03405814669
1231_2C6_2C_ACGTC	increasing	0.04609757604
1231_2C6_2C_ACGTC	stable	0.01935868676
1231_2C6_2C_AGATG	decreasing	0.02894610902
1231_2C6_2C_AGATG	increasing	0.057855
1231_2C6_2C_AGATG	stable	0.01966846016
1231_2C6_2C_ATCCA	decreasing	0.02787970229
1231_2C6_2C_ATCCA	increasing	0.04371571346
1231_2C6_2C_ATCCA	stable	0.02032701972
1231_2C6_2C_ATGAG	decreasing	0.03029502261
1231_2C6_2C_ATGAG	increasing	0.0554388056
1231_2C6_2C_ATGAG	stable	0.02216552359
1231_2C6_2C_CGTTT	decreasing	0.02644849973
1231_2C6_2C_CGTTT	increasing	0.04197541808
1231_2C6_2C_CGTTT	stable	0.02035034821
1231_2C6_2C_GAAGC	decreasing	0.03291643615
1231_2C6_2C_GAAGC	increasing	0.05466726948
1231_2C6_2C_GAAGC	stable	0.02249367147
1231_2C6_2C_GCCCT	decreasing	0.02098515198
1231_2C6_2C_GCCCT	increasing	0.0229538434
1231_2C6_2C_GCCCT	stable	0.02010234847
1231_P31_PN3_AAGCCT	decreasing	0.007354737003
1231_P31_PN3_AAGCCT	increasing	0.01143542287
1231_P31_PN3_AAGCCT	stable	0.009214654948
1231_P31_PN3_ACAAGG	decreasing	0.009393747402
1231_P31_PN3_ACAAGG	increasing	0.01254021701
1231_P31_PN3_ACAAGG	stable	0.01057501027
1231_P31_PN3_ACCTTA	decreasing	0.04528607177
1231_P31_PN3_ACCTTA	increasing	0.01212642642
1231_P31_PN3_ACCTTA	stable	0.02700159804
1231_P31_PN3_AGAGTG	decreasing	0.03528503835
1231_P31_PN3_AGAGTG	increasing	0.01058155742
1231_P31_PN3_AGAGTG	stable	0.01880764026
1231_P31_PN3_AGCGAA	decreasing	0.02168255924
1231_P31_PN3_AGCGAA	increasing	0.01436712317
1231_P31_PN3_AGCGAA	stable	0.01906450945
1231_P31_PN3_AGGTCA	decreasing	0.009918967948
1231_P31_PN3_AGGTCA	increasing	0.01137157315
1231_P31_PN3_AGGTCA	stable	0.01007062042
1231_P31_PN3_ATAACT	decreasing	0.01179940624
1231_P31_PN3_ATAACT	increasing	0.01592591492
1231_P31_PN3_ATAACT	stable	0.0111159987
1231_P42_PN4_ACAAGG	decreasing	0.01224479622
1231_P42_PN4_ACAAGG	increasing	0.01660033911
1231_P42_PN4_ACAAGG	stable	0.0123930906
1231_P42_PN4_ACCTTA	decreasing	0.08269878472
1231_P42_PN4_ACCTTA	increasing	0.02283726042
1231_P42_PN4_ACCTTA	stable	0.0531797779
1231_P42_PN4_AGAGTG	decreasing	0.07061061117
1231_P42_PN4_AGAGTG	increasing	0.01882603599
1231_P42_PN4_AGAGTG	stable	0.04476148645
1231_P42_PN4_AGCGAA	decreasing	0.06028059992
1231_P42_PN4_AGCGAA	increasing	0.01411515776
1231_P42_PN4_AGCGAA	stable	0.03534412749
1231_P42_PN4_AGGTCA	decreasing	0.07299525153
1231_P42_PN4_AGGTCA	increasing	0.02567243658
1231_P42_PN4_AGGTCA	stable	0.04589679171
1231_P52_PN5_AACGTC	decreasing	0.006471667689
1231_P52_PN5_AACGTC	increasing	0.008657184628
1231_P52_PN5_AACGTC	stable	0.006470086459
1231_P52_PN5_AAGATG	decreasing	0.1047547185
1231_P52_PN5_AAGATG	increasing	0.03120734188
1231_P52_PN5_AAGATG	stable	0.06792634598
1231_P52_PN5_AATCCA	decreasing	0.007807625385
1231_P52_PN5_AATCCA	increasing	0.01083395557
1231_P52_PN5_AATCCA	stable	0.008332839799
1231_P52_PN5_AATGAG	decreasing	0.007098534817
1231_P52_PN5_AATGAG	increasing	0.006584288733
1231_P52_PN5_AATGAG	stable	0.00624230942
1231_P52_PN5_ACACTG	decreasing	0.006182197273
1231_P52_PN5_ACACTG	increasing	0.00768028532
1231_P52_PN5_ACACTG	stable	0.005789620274
1231_P52_PN5_ACGTTT	decreasing	0.008170088874
1231_P52_PN5_ACGTTT	increasing	0.01186709967
1231_P52_PN5_ACGTTT	stable	0.008535962299
1231_P52_PN5_AGAAGC	decreasing	0.007177783264
1231_P52_PN5_AGAAGC	increasing	0.01050128607
1231_P52_PN5_AGAAGC	stable	0.008069047204
1231_PN5-1_PN5_ACGTC	decreasing	0.02221933398
1231_PN5-1_PN5_ACGTC	increasing	0.02217618766
1231_PN5-1_PN5_ACGTC	stable	0.02189458468
1231_PN5-1_PN5_AGATG	decreasing	0.01484447199
1231_PN5-1_PN5_AGATG	increasing	0.01698263792
1231_PN5-1_PN5_AGATG	stable	0.01578989278
1231_PN5-1_PN5_ATCCA	decreasing	0.02952690924
1231_PN5-1_PN5_ATCCA	increasing	0.0261543152
1231_PN5-1_PN5_ATCCA	stable	0.02699687656
1231_PN5-1_PN5_ATGAG	decreasing	0.02992616406
1231_PN5-1_PN5_ATGAG	increasing	0.02934460032
1231_PN5-1_PN5_ATGAG	stable	0.02959138999
1231_PN5-1_PN5_CACTG	decreasing	0.0272690067
1231_PN5-1_PN5_CACTG	increasing	0.0290874671
1231_PN5-1_PN5_CACTG	stable	0.02782544119
1231_PN5-1_PN5_CGTTT	decreasing	0.08155547625
1231_PN5-1_PN5_CGTTT	increasing	0.0148104968
1231_PN5-1_PN5_CGTTT	stable	0.04697580341
